{
  "train_loss": [
    0.043931383931850816,
    0.014858188432086496,
    0.011045856547462655
  ],
  "val_loss": [
    0.015765670997401077,
    0.010001839914669594,
    0.00909255324707677
  ],
  "dimension_correlations": [
    {
      "analytical": 0.9046075109543887,
      "creative": 0.912179989118288,
      "social": 0.8756552434492706,
      "structured": 0.7980229731052342,
      "emotional": 0.8772536662971346
    },
    {
      "analytical": 0.9305697469229565,
      "creative": 0.951316537629664,
      "social": 0.944347853481821,
      "structured": 0.878523552282221,
      "emotional": 0.931636749338423
    },
    {
      "analytical": 0.9372198235764392,
      "creative": 0.9546321830405756,
      "social": 0.9510143090920985,
      "structured": 0.8799438123120146,
      "emotional": 0.9322776108783049
    }
  ]
}